"Count","IsReadOnly","Keys","Values","IsFixedSize","SyncRoot","IsSynchronized"
"16","False","System.Collections.Specialized.OrderedDictionary+OrderedDictionaryKeyValueCollection","System.Collections.Specialized.OrderedDictionary+OrderedDictionaryKeyValueCollection","False","System.Object","False"
"16","False","System.Collections.Specialized.OrderedDictionary+OrderedDictionaryKeyValueCollection","System.Collections.Specialized.OrderedDictionary+OrderedDictionaryKeyValueCollection","False","System.Object","False"
"16","False","System.Collections.Specialized.OrderedDictionary+OrderedDictionaryKeyValueCollection","System.Collections.Specialized.OrderedDictionary+OrderedDictionaryKeyValueCollection","False","System.Object","False"
"16","False","System.Collections.Specialized.OrderedDictionary+OrderedDictionaryKeyValueCollection","System.Collections.Specialized.OrderedDictionary+OrderedDictionaryKeyValueCollection","False","System.Object","False"
"16","False","System.Collections.Specialized.OrderedDictionary+OrderedDictionaryKeyValueCollection","System.Collections.Specialized.OrderedDictionary+OrderedDictionaryKeyValueCollection","False","System.Object","False"
"13","False","System.Collections.Specialized.OrderedDictionary+OrderedDictionaryKeyValueCollection","System.Collections.Specialized.OrderedDictionary+OrderedDictionaryKeyValueCollection","False","System.Object","False"
"13","False","System.Collections.Specialized.OrderedDictionary+OrderedDictionaryKeyValueCollection","System.Collections.Specialized.OrderedDictionary+OrderedDictionaryKeyValueCollection","False","System.Object","False"
"16","False","System.Collections.Specialized.OrderedDictionary+OrderedDictionaryKeyValueCollection","System.Collections.Specialized.OrderedDictionary+OrderedDictionaryKeyValueCollection","False","System.Object","False"
"16","False","System.Collections.Specialized.OrderedDictionary+OrderedDictionaryKeyValueCollection","System.Collections.Specialized.OrderedDictionary+OrderedDictionaryKeyValueCollection","False","System.Object","False"
"16","False","System.Collections.Specialized.OrderedDictionary+OrderedDictionaryKeyValueCollection","System.Collections.Specialized.OrderedDictionary+OrderedDictionaryKeyValueCollection","False","System.Object","False"
"16","False","System.Collections.Specialized.OrderedDictionary+OrderedDictionaryKeyValueCollection","System.Collections.Specialized.OrderedDictionary+OrderedDictionaryKeyValueCollection","False","System.Object","False"
"16","False","System.Collections.Specialized.OrderedDictionary+OrderedDictionaryKeyValueCollection","System.Collections.Specialized.OrderedDictionary+OrderedDictionaryKeyValueCollection","False","System.Object","False"
"13","False","System.Collections.Specialized.OrderedDictionary+OrderedDictionaryKeyValueCollection","System.Collections.Specialized.OrderedDictionary+OrderedDictionaryKeyValueCollection","False","System.Object","False"
"13","False","System.Collections.Specialized.OrderedDictionary+OrderedDictionaryKeyValueCollection","System.Collections.Specialized.OrderedDictionary+OrderedDictionaryKeyValueCollection","False","System.Object","False"
"16","False","System.Collections.Specialized.OrderedDictionary+OrderedDictionaryKeyValueCollection","System.Collections.Specialized.OrderedDictionary+OrderedDictionaryKeyValueCollection","False","System.Object","False"
"16","False","System.Collections.Specialized.OrderedDictionary+OrderedDictionaryKeyValueCollection","System.Collections.Specialized.OrderedDictionary+OrderedDictionaryKeyValueCollection","False","System.Object","False"
"16","False","System.Collections.Specialized.OrderedDictionary+OrderedDictionaryKeyValueCollection","System.Collections.Specialized.OrderedDictionary+OrderedDictionaryKeyValueCollection","False","System.Object","False"
"16","False","System.Collections.Specialized.OrderedDictionary+OrderedDictionaryKeyValueCollection","System.Collections.Specialized.OrderedDictionary+OrderedDictionaryKeyValueCollection","False","System.Object","False"
"16","False","System.Collections.Specialized.OrderedDictionary+OrderedDictionaryKeyValueCollection","System.Collections.Specialized.OrderedDictionary+OrderedDictionaryKeyValueCollection","False","System.Object","False"
"13","False","System.Collections.Specialized.OrderedDictionary+OrderedDictionaryKeyValueCollection","System.Collections.Specialized.OrderedDictionary+OrderedDictionaryKeyValueCollection","False","System.Object","False"
"13","False","System.Collections.Specialized.OrderedDictionary+OrderedDictionaryKeyValueCollection","System.Collections.Specialized.OrderedDictionary+OrderedDictionaryKeyValueCollection","False","System.Object","False"